{
  "start_urls": {
	"nowsports": "https://nowmesports.org/",
    "nowmetv": "https://nowmeplay.com/",
	"tamilultra": "https://tamilultratv.co.in/",
	"tamilbulb": "https://tamilbulb.tv/",
	"tgx": ["torrentgalaxy.to", "tgx.rs", "torrentgalaxy.mx"]
  },
  "tamil_blasters": {
	"homepage": "https://1tamilblasters.link",
	"catalogs": {
	  "tamil": {
		"hdrip": "7-tamil-new-movies-hdrips-bdrips-dvdrips-hdtv",
		"tcrip": "8-tamil-new-movies-tcrip-dvdscr-hdcam-predvd",
		"dubbed": "9-tamil-dubbed-movies-bdrips-hdrips-dvdscr-hdcam-in-multi-audios",
		"series": "63-tamil-new-web-series-tv-shows",
		"old": "56-tamil-old-mid-movies-bdrips-hdrips-dvdrips-hdtv"
	  },
	  "malayalam": {
		"tcrip": "75-malayalam-new-movies-tcrip-dvdscr-hdcam-predvd",
		"hdrip": "74-malayalam-new-movies-hdrips-bdrips-dvdrips-hdtv",
		"dubbed": "76-malayalam-dubbed-movies-bdrips-hdrips-dvdscr-hdcam",
		"series": "98-malayalam-new-web-series-tv-shows",
		"old": "77-malayalam-old-mid-movies-bdrips-hdrips-dvdrips"
	  },
	  "telugu": {
		"tcrip": "79-telugu-new-movies-tcrip-dvdscr-hdcam-predvd",
		"hdrip": "78-telugu-new-movies-hdrips-bdrips-dvdrips-hdtv",
		"dubbed": "80-telugu-dubbed-movies-bdrips-hdrips-dvdscr-hdcam",
		"series": "96-telugu-new-web-series-tv-shows",
		"old": "81-telugu-old-mid-movies-bdrips-hdrips-dvdrips"
	  },
	  "hindi": {
		"tcrip": "87-hindi-new-movies-tcrip-dvdscr-hdcam-predvd",
		"hdrip": "86-hindi-new-movies-hdrips-bdrips-dvdrips-hdtv",
		"dubbed": "88-hindi-dubbed-movies-bdrips-hdrips-dvdscr-hdcam",
		"series": "89-hindi-new-web-series-tv-shows",
		"old": "102-hindi-old-mid-movies-bdrips-hdrips-dvdrips"
	  },
	  "kannada": {
		"tcrip": "83-kannada-new-movies-tcrip-dvdscr-hdcam-predvd",
		"hdrip": "82-kannada-new-movies-hdrips-bdrips-dvdrips-hdtv",
		"dubbed": "84-kannada-dubbed-movies-bdrips-hdrips-dvdscr-hdcam",
		"series": "103-kannada-new-web-series-tv-shows",
		"old": "85-kannada-old-mid-movies-bdrips-hdrips-dvdrips"
	  },
	  "english": {
		"tcrip": "52-english-movies-hdcam-dvdscr-predvd",
		"hdrip": "53-english-movies-hdrips-bdrips-dvdrips",
		"series": "92-english-web-series-tv-shows"
	  }
	}
  },
  "tamilmv": {
	"homepage": "https://www.1tamilmv.wf",
	"catalogs": {
	  "tamil": {
		"hdrip": [
		  "11-web-hd-itunes-hd-bluray",
		  "12-hd-rips-dvd-rips-br-rips",
		  "14-hdtv-sdtv-hdtv-rips"
		],
		"tcrip": "10-predvd-dvdscr-cam-tc",
		"dubbed": "17-hollywood-movies-in-multi-audios",
		"series": "19-web-series-tv-shows"
	  },
	  "malayalam": {
		"hdrip": [
		  "36-web-hd-itunes-hd-bluray",
		  "37-hd-rips-dvd-rips-br-rips",
		  "39-hdtv-sdtv-hdtv-rips"
		],
		"tcrip": "35-predvd-dvdscr-cam-tc",
		"dubbed": "42-malayalam-dubbed-subtitled-movies",
		"series": "44-web-series-tv-shows"
	  },
	  "telugu": {
		"tcrip": "23-predvd-dvdscr-cam-tc",
		"hdrip": [
		  "24-web-hd-itunes-hd-bluray",
		  "25-hd-rips-dvd-rips-br-rips",
		  "27-hdtv-sdtv-hdtv-rips"
		],
		"dubbed": "31-telugu-dubbed-movies",
		"series": "33-web-series-tv-shows"
	  },
	  "hindi": {
		"tcrip": "57-predvd-dvdscr-cam-tc",
		"hdrip": [
		  "58-web-hd-itunes-hd-bluray",
		  "59-hd-rips-dvd-rips-br-rips",
		  "61-hdtv-sdtv-hdtv-rips"
		],
		"dubbed": "64-hindi-dubbed-movies",
		"series": "66-web-series-tv-shows"
	  },
	  "kannada": {
		"tcrip": "68-predvd-dvdscr-cam-tc",
		"hdrip": [
		  "69-web-hd-itunes-hd-bluray",
		  "70-hd-rips-dvd-rips-br-rips",
		  "72-hdtv-sdtv-hdtv-rips"
		],
		"series": "77-web-series-tv-shows"
	  },
	  "english": {
		"tcrip": "46-predvd-dvdscr-cam-tc",
		"hdrip": [
		  "49-web-hd-itunes-hd-bluray",
		  "50-hd-rips-dvd-rips-br-rips"
		],
		"series": "55-web-series-tv-shows"
	  }
	},
	"supported_search_forums": {
	  "11-web-hd-itunes-hd-bluray": {
		"language": "tamil",
		"media_type": "hdrip"
	  },
	  "12-hd-rips-dvd-rips-br-rips": {
		"language": "tamil",
		"media_type": "hdrip"
	  },
	  "14-hdtv-sdtv-hdtv-rips": {
		"language": "tamil",
		"media_type": "hdrip"
	  },
	  "10-predvd-dvdscr-cam-tc": {
		"language": "tamil",
		"media_type": "tcrip"
	  },
	  "17-hollywood-movies-in-multi-audios": {
		"language": "tamil",
		"media_type": "dubbed"
	  },
	  "19-web-series-tv-shows": {
		"language": "tamil",
		"media_type": "series"
	  },
	  "36-web-hd-itunes-hd-bluray": {
		"language": "malayalam",
		"media_type": "hdrip"
	  },
	  "37-hd-rips-dvd-rips-br-rips": {
		"language": "malayalam",
		"media_type": "hdrip"
	  },
	  "39-hdtv-sdtv-hdtv-rips": {
		"language": "malayalam",
		"media_type": "hdrip"
	  },
	  "35-predvd-dvdscr-cam-tc": {
		"language": "malayalam",
		"media_type": "tcrip"
	  },
	  "42-malayalam-dubbed-subtitled-movies": {
		"language": "malayalam",
		"media_type": "dubbed"
	  },
	  "44-web-series-tv-shows": {
		"language": "malayalam",
		"media_type": "series"
	  },
	  "23-predvd-dvdscr-cam-tc": {
		"language": "telugu",
		"media_type": "tcrip"
	  },
	  "24-web-hd-itunes-hd-bluray": {
		"language": "telugu",
		"media_type": "hdrip"
	  },
	  "25-hd-rips-dvd-rips-br-rips": {
		"language": "telugu",
		"media_type": "hdrip"
	  },
	  "27-hdtv-sdtv-hdtv-rips": {
		"language": "telugu",
		"media_type": "hdrip"
	  },
	  "31-telugu-dubbed-movies": {
		"language": "telugu",
		"media_type": "dubbed"
	  },
	  "33-web-series-tv-shows": {
		"language": "telugu",
		"media_type": "series"
	  },
	  "57-predvd-dvdscr-cam-tc": {
		"language": "hindi",
		"media_type": "tcrip"
	  },
	  "58-web-hd-itunes-hd-bluray": {
		"language": "hindi",
		"media_type": "hdrip"
	  },
	  "59-hd-rips-dvd-rips-br-rips": {
		"language": "hindi",
		"media_type": "hdrip"
	  },
	  "61-hdtv-sdtv-hdtv-rips": {
		"language": "hindi",
		"media_type": "hdrip"
	  },
	  "64-hindi-dubbed-movies": {
		"language": "hindi",
		"media_type": "dubbed"
	  },
	  "66-web-series-tv-shows": {
		"language": "hindi",
		"media_type": "series"
	  },
	  "68-predvd-dvdscr-cam-tc": {
		"language": "kannada",
		"media_type": "tcrip"
	  },
	  "69-web-hd-itunes-hd-bluray": {
		"language": "kannada",
		"media_type": "hdrip"
	  },
	  "70-hd-rips-dvd-rips-br-rips": {
		"language": "kannada",
		"media_type": "hdrip"
	  },
	  "72-hdtv-sdtv-hdtv-rips": {
		"language": "kannada",
		"media_type": "hdrip"
	  },
	  "77-web-series-tv-shows": {
		"language": "kannada",
		"media_type": "series"
	  },
	  "46-predvd-dvdscr-cam-tc": {
		"language": "english",
		"media_type": "tcrip"
	  },
	  "49-web-hd-itunes-hd-bluray": {
		"language": "english",
		"media_type": "hdrip"
	  },
	  "50-hd-rips-dvd-rips-br-rips": {
		"language": "english",
		"media_type": "hdrip"
	  },
	  "55-web-series-tv-shows": {
		"language": "english",
		"media_type": "series"
	  }
	}
  },
  "arab_torrents": {
	"homepage": "https://www.arab-torrents.com",
	"catalogs": {
	  "arabic": {
		"movies": ["41", "59", "88", "116", "114"],
		"series": ["44", "57", "89", "71", "115", "113"]
	  }
	}
  },
  "streamed": {
    "api_base_url": "https://streamed.su/api",
    "live_matches_endpoint": "/matches/live",
    "stream_url_template": "/stream/{source}/{id}",
    "image_url_template": "/images/poster/{batch_id_1}/{batch_id_2}.webp",
    "m3u8_base_url": "https://{domain}/{source}/js/{id}/{stream_no}/playlist.m3u8",
    "mediafusion_referer": "https://mediafusion.addon/",
	"session_url": "https://secure.bigcoolersonline.top/init-session",
    "category_mapping": {
      "afl": "Afl",
      "american-football": "American Football",
      "baseball": "Baseball",
      "basketball": "Basketball",
      "billiards": "Billiards",
      "cricket": "Cricket",
      "darts": "Dart",
      "fight": "Fighting",
      "football": "Football",
      "golf": "Golf",
      "hockey": "Hockey",
      "motor-sports": "Motor Sport",
      "other": "Other Sports",
      "rugby": "Rugby",
      "tennis": "Tennis"
    }
  },
  "dlhd": {
	"schedule_url": "https://dlhd.so/schedule/schedule-generated.json",
	"m3u8_base_url": "https://xyzdddd.mizhls.ru/lb/premium{channel_id}/index.m3u8",
	"key_url": "https://key.keylocking.ru",
	"referer": "https://ilovetoplay.xyz/",
	"category_mapping": {
        "Tv Shows": "Other Sports",
        "Soccer": "Football",
        "Cricket": "Cricket",
        "Tennis": "Tennis",
        "Motorsport": "Motor Sport",
        "Boxing": "Boxing",
        "MMA": "MMA",
        "Golf": "Golf",
        "Snooker": "Other Sports",
        "Am. Football": "American Football",
        "Athletics": "Athletics",
        "Aussie rules": "Aussie Rules",
        "Baseball": "Baseball",
        "Basketball": "Basketball",
        "Bowling": "Bowling",
        "Cycling": "Cycling",
        "Darts": "Dart",
        "Floorball": "Floorball",
        "Futsal": "Futsal",
        "Gymnastics": "Gymnastics",
        "Handball": "Handball",
        "Horse Racing": "Horse Racing",
        "Ice Hockey": "Hockey",
        "Lacrosse": "Lacrosse",
        "Netball": "Netball",
        "Rugby League": "Rugby",
        "Rugby Union": "Rugby",
        "Squash": "Squash",
        "Volleyball": "Volleyball",
        "GAA": "GAA",
        "Clubber": "Other Sports"
    }
  },
  "sport_video": {
	"categories": {
	  "american_football": "https://www.sport-video.org.ua/americanfootball.html",
	  "basketball": "https://www.sport-video.org.ua/basketball.html",
	  "baseball": "https://www.sport-video.org.ua/baseball.html",
	  "football": "https://www.sport-video.org.ua/football.html",
	  "hockey": "https://www.sport-video.org.ua/hockey.html",
	  "rugby": "https://www.sport-video.org.ua/rugby.html",
	  "other_sports": "https://www.sport-video.org.ua/other.html"
	}
  }
}